Type,Name,Country,Tags
Cultural,Minaret of Jam,Afghanistan,"Architecture,Islam,Minaret,Tower"
Cultural,Old City of Kabul,Afghanistan,"Architecture,Fortification"
Cultural,M'Zab Valley,Algeria,"Architecture,Fortification,Islam"
Cultural,Djémila,Algeria,"Architecture,Roman"
Cultural,Al Qal'a of Beni Hammad,Algeria,"Architecture,Islam"
Cultural,Casbah of Algiers,Algeria,"Architecture,Fortification,Islam"
Mixed,Tassili n'Ajjer,Algeria,Desert
Natural,Ofu and Olosega,American Samoa,"Island,Scuba Diving,Marine Life"
Natural,Los Glaciares National Park,Argentina,Mountains
Cultural,La Boca District,Argentina,"Architecture,Colonial"
Cultural,Christ of the Andes,"Argentina,Chile","Architecture,Christianity"
Natural,Road of the Seven Lakes,"Argentina,Chile","Lake,Wilderness,Road Trip"
Natural,Beagle Channel,"Argentina,Chile",Cruise
Cultural,Fortress of Amberd,Armenia,"Architecture,Fortification"
Natural,Great Barrier Reef,Australia,"Marine Life,Scuba Diving,Snorkeling"
Mixed,Ayers Rock/ Uluru,Australia,"Desert,Landform,Rock Formation"
Cultural,Sydney Opera House,Australia,"Architecture,Modern,Opera House"
Mixed,Kakadu National Park,Australia,"Wildlife,Waterfall"
Natural,Whitehaven Beach / Island,Australia,"Island,Beach"
Natural,Lord Howe Island Group,Australia,"Island,Wildlife,Scuba Diving,Marine Life"
Natural,Bungle Bungle Range,Australia,"Landform,Rock Formation"
Natural,Great Ocean Road,Australia,"Landform,Rock Formation,Road Trip"
Cultural,Indian Pacific Railroad,Australia,"Railroad,Train Trip"
Natural,Kings Canyon,Australia,Canyon
Cultural,Sydney Harbour,Australia,Harbour
Natural,Olgas / Kata Tjuta,Australia,"Landform,Rock Formation"
Natural,Red crabs migration,Australia,Wildlife
Cultural,Norfolk Island,Australia,Island
Cultural,Palace and Gardens of Schönbrunn,Austria,"Architecture,Palace,Baroque"
Cultural,Historic Centre of the City of Salzburg,Austria,"Architecture,Fortification"
Cultural,Belvedere Palace,Austria,"Architecture,Palace,Baroque"
Cultural,Hofburg Palace,Austria,"Architecture,Palace"
Cultural,Kunsthistorisches Museum,Austria,"Architecture,Museum"
Cultural,Spanish Riding School,Austria,Show
Cultural,"St Stephen's Cathedral, Vienna",Austria,"Architecture,Christianity,Church,Gothic"
Cultural,Vienna State Opera House,Austria,"Architecture,Opera House"
Natural,Eisriesenwelt Caves,Austria,Cave
Cultural,Grossglockner Alpine Road,Austria,"Mountains,Road Trip"
Cultural,Melk Abbey Church,Austria,"Architecture,Christianity,Church,Baroque"
Cultural,Danube Cruise,"Austria,Romania,Germany,Slovakia,Holland,Hungary",Cruise
Cultural,Palace of the Shirvanshahs,Azerbaijan,"Architecture,Palace"
Cultural,Gobustan Rock Art Cultural Landscape,Azerbaijan,Rock Art
Natural,Paradise Island,Bahamas,"Island,Resort,Aquarium"
Cultural,Historic Bridgetown and its Garrison,Barbados,"Island,Architecture,Colonial"
Cultural,Grand Place,Belgium,"Architecture,Square"
Cultural,Brugge,Belgium,"Architecture,City,Canals"
Cultural,Ghent,Belgium,"Architecture,City,Canals"
Cultural,Notre-Dame Cathedral in Tournai,Belgium,"Architecture,Christianity,Church,Gothic"
Natural,Ardennes,Belgium,"Wilderness,Forest"
Cultural,Royal Museums of Fine Arts of Belgium,Belgium,"Architecture,Museum"
Natural,Belize Barrier Reef Reserve,Belize,"Marine Life,Scuba Diving,Snorkeling"
Natural,Great Blue Hole,Belize,"Scuba Diving,Sinkhole"
Cultural,Caracol,Belize,"Archaeological Site,Ancient,Ruins"
Cultural,Xunantunich,Belize,"Archaeological Site,Ancient,Ruins"
Cultural,Ganvie Stilt Village,Benin,Village
Natural,Horseshoe Bay Beach,Bermuda,Beach
Cultural,Taktsang Monastery / Tiger's Nest,Bhutan,"Architecture,Temple,Buddhism"
Natural,Bhutan Mountain Treks,Bhutan,"Mountains,Trek,Wilderness"
Cultural,Punakha Dzong,Bhutan,"Architecture,Fortification,Fortress"
Cultural,Trongsa Dzong,Bhutan,"Architecture,Fortification,Fortress"
Cultural,Tiwanaku,Bolivia,"Archaeological Site,Ancient,Ruins,Arch"
Natural,Salar de Uyuni,Bolivia,"Lake,Salt Flat"
Natural,Lake Titicaca,"Bolivia,Peru",Lake
Natural,Okavango Delta and Moremi Wildlife Reserve,Botswana,"Wildlife,Grassland,Landform,Reserve,Park"
Natural,Chobe National Park,Botswana,"Wildlife,Park"
Mixed,Rio de Janeiro,Brazil,"City,Panoramic Views,Landscape,Harbour"
Cultural,Rio Carnival,Brazil,"Show,Carnival,Festival"
Cultural,Salvador de Bahia,Brazil,"Architecture,Colonial,City"
Cultural,Brasilia,Brazil,"Architecture,Modern,City"
Natural,Fernando de Noronha,Brazil,"Island,Marine Life,Snorkeling,Beach,Scuba Diving"
Cultural,Christ the Redeemer Statue,Brazil,"Architecture,Christianity,Statue"
Cultural,Copacabana Beach,Brazil,Beach
Cultural,Ipanema Beach,Brazil,Beach
Cultural,Niterói Contemporary Art Museum,Brazil,"Architecture,Modern"
Natural,Sugarloaf Mountain,Brazil,Mountain
Cultural,Amazon Theatre,Brazil,"Architecture,Renaissance,Opera House"
Natural,Iguazu Falls,"Brazil,Argentina",Waterfall
Natural,Amazon Rainforest,"Brazil,Peru","Wildlife,Forest,Wilderness"
Natural,The Baths,British Virgin Islands,"Island,Beach"
Cultural,Rock-Hewn Churches of Ivanovo,Bulgaria,"Architecture,Christianity,Cave Structures"
Cultural,Rila Monastery,Bulgaria,"Architecture,Christianity,Monastery"
Cultural,Angkor Wat,Cambodia,"Architecture,Temple,Buddhism,Hinduism"
Cultural,Angkor Thom,Cambodia,"Archaeological Site,Ancient,Ruins"
Cultural,"Silver Pagoda, Phnom Penh",Cambodia,"Architecture,Temple,Buddhism"
Cultural,Phnom Bakheng,Cambodia,"Architecture,Temple,Buddhism,Hinduism"
Cultural,Ta Prohm,Cambodia,"Ruins,Temple,Buddhism"
Natural,Waza National Park,Cameroon,"Wildlife,Park"
Natural,Banff National Park,Canada,"Mountains,Park,Wilderness,Wildlife"
Cultural,CN Tower,Canada,"Architecture,Tower"
Cultural,Old Québec,Canada,"City,Architecture"
Cultural,Lunenburg,Canada,"Architecture,Colonial,Town,Port"
Natural,Canadian Rocky Mountain Parks,Canada,"Mountains,Parks,Wilderness,Wildlife"
Natural,Baffin Island,Canada,Island
Natural,Bay of Fundy,Canada,"Bay,Rock Formations"
Natural,Cabot Trail,Canada,"Mountains,Road Trip"
Cultural,Louisbourg Fortress,Canada,"Architecture,Fortification,Fortress"
Natural,Perce Rock,Canada,"Landform,Rock Formation,Arch"
Natural,Niagara Falls,"Canada,United States of America",Waterfall
Natural,Stingray City,Cayman Islands,"Marine Life,Snorkeling"
Cultural,Easter Island,Chile,"Island,Rock Art,Megaliths"
Natural,Torres del Paine National Park,Chile,"Mountains,Park,Wilderness,Wildlife"
Natural,Osorno Volcano,Chile,Volcano
Natural,Portillo,Chile,Sky Resort
Cultural,Great Wall of China,China,"Architecture,Fortification"
Cultural,Mausoleum of the First Qin Emperor & Terra Cotta Warriors,China,"Archaeological Site,Ancient,Tomb"
Cultural,"Potala Palace, Lhasa",China,"Architecture,Palace,Buddhism"
Cultural,Old Town of Lijiang,China,"Town,Old Town"
Cultural,Hong Kong (Victoria) Harbour,China,Harbour
Cultural,Hong Kong City,China,"City,Panoramic Views,Skyline,Shopping,Dinning"
Mixed,Yangtze River Cruise,China,Cruise
Mixed,Li River Cruise,China,Cruise
Cultural,Shenyang Imperial Palace,China,"Palace,Museum"
Cultural,Forbidden City,China,"Palace,Museum"
Cultural,Classical Gardens of Suzhou,China,Gardens
Cultural,Canals of Suzhou,China,"Canals,Town"
Cultural,"Summer Palace, an Imperial Garden",China,"Gardens,Palace"
Cultural,Temple of Heaven,China,"Architecture,Temple,Buddhism"
Cultural,Dazu Rock Carvings,China,Rock Art
Cultural,Honghe Hani Rice Terraces,China,"Landscape,Terraces"
Cultural,Yonghe - Lama Temple,China,"Architecture,Temple,Buddhism"
Cultural,Pudong Skylines,China,Skyline
Cultural,Shanghai Museum,China,Museum
Mixed,Leshan Giant Buddha,China,"Buddhism,Statue"
Cultural,Shibaozhai Pagoda,China,"Architecture,Buddhism,Pagoda"
Cultural,Jokhang Tample,China,"Architecture,Buddhism,Temple"
Cultural,Hanging Monastery,China,"Architecture,Buddhism,Temple"
Cultural,Longsheng Rice Terrace,China,"Landscape,Terraces"
Cultural,Three Gorges Dam,China,Dam
Mixed,Mount Tai,China,Mountain
Cultural,Mogao Caves,China,"Architecture,Temples,Buddhism"
Mixed,Mount Huangshan,China,Mountain
Natural,Jiuzhaigou Valley,China,"Park,Reserve,Valley"
Natural,Huanglong Valley,China,"Wildlife,Valley"
Natural,Wulingyuan,China,"Rock Formation,Trekking"
Cultural,Chengde Mountain Resort,China,"Architecture,Palace"
Cultural,Wudang Ancient Complex,China,"Architecture,Temples"
Cultural,Ancient City of Pingyao,China,"Architecture,Fortification,Town,Ancient"
Cultural,Longmen Grottoes,China,Rock Art
Cultural,Yungang Grottoes,China,Rock Art
Natural,South China Karst (Stone Forest),China,"Landscape,Rock Formations"
Cultural,Tiananmen Square,China,Square
Cultural,Tian Tan Buddha,China,"Architecture,Buddhism,Statue"
Cultural,The Bund,China,"Architecture,Colonial,Waterfront"
Cultural,Jade Buddha Temple,China,"Architecture,Temple,Buddhism"
Cultural,Old City of Shanghai,China,"Architecture,Old City"
Cultural,Giant Wild Goose Pagoda,China,"Architecture,Buddhism,Pagoda"
Cultural,Fortifications of Xi'an,China,"Architecture,Fortification,Ancient"
Cultural,Ganden Monastery,China,"Architecture,Buddhism,Monastery"
Cultural,Sera Monastery,China,"Architecture,Buddhism,Monastery"
Cultural,Three Pagodas of Chongsheng Temple (Dali),China,"Architecture,Buddhism,Pagoda"
Natural,Tiger Leaping Gorge,China,Canyon
Mixed,Xishuangbanna Dai Villages,China,Villages
Cultural,Jiayuguan Fort,China,"Architecture,Fortification,Ancient"
Cultural,Kaifeng,China,"Architecture,Old City"
Cultural,Labrang Monastery,China,"Architecture,Buddhism,Monastery"
Natural,Reed Flute Cave,China,Cave
Cultural,Chengyang Bridge,China,Bridge
Mixed,Slender West Lake,China,Lake
Natural,Yangshuo County,China,"County,Rock Climbing"
Cultural,Tashi Lhunpo Monastery,China,"Architecture,Buddhism,Monastery"
Natural,Baishuitai Terraces,China,"Landscape,Terraces"
Cultural,Silk Road,"China,Kazakhstan,Kyrgyzstan",Road
Natural,Mount Everest,"China,Nepal",Mountain
Cultural,San Agustín Archaeological Park,Colombia,"Archaeological Site,Megalithic sculptures,Rock Art"
Cultural,Cartagena,Colombia,"Architecture,Colonial,Old Town"
Cultural,Salt Cathedral of Zipaquirá,Colombia,"Architecture,Christianity,Church"
Natural,Aitutaki Island,Cook Islands,"Island,Marine Life,Snorkeling,Scuba Diving"
Natural,Arenal Volcano National Park,Costa Rica,"Park,Volcano"
Natural,Corcovado National Park,Costa Rica,"Park,Wildlife"
Natural,Monteverde Cloud Forest,Costa Rica,"Reserve,Forest,Cloud Forest,Wildlife"
Natural,Manuel Antonio National Park,Costa Rica,"Park,Marine Life,Snorkeling"
Cultural,Old City of Dubrovnik,Croatia,"Architecture,Town,Old City"
Cultural,Palace of Diocletian,Croatia,"Ancient palace,Ancient,Ruins"
Natural,Plitvice Lakes National Park,Croatia,"Park,Lakes"
Cultural,Trogir,Croatia,"Town,Old Town"
Cultural,"Stari Grad, Hvar",Croatia,"Town,Old Town"
Cultural,Castillo de San Pedro de la Roca,Cuba,"Architecture,Fortification"
Cultural,Old Havana,Cuba,"Architecture,Baroque,Town"
Cultural,Paphos,Cyprus,"Archaeological Sites,Ruins,Ancient"
Cultural,Old Town Prague,Czech Republic,"Architecture,Old Town"
Cultural,Cesky Krumlov,Czech Republic,"Architecture,Old Town"
Cultural,Kutná Hora,Czech Republic,"Architecture,Old Town"
Cultural,Holy Trinity Column in Olomouc,Czech Republic,"Architecture,Baroque,Column,Christianity"
Cultural,Charles Bridge,Czech Republic,"Architecture,Gothic,Bridge"
Cultural,Karlovy Vary,Czech Republic,"Old Town,Hot Springs"
Cultural,Marienbad,Czech Republic,"Old Town,Hot Springs"
Natural,Virunga National Park,Democratic Republic of the Congo,"Park,Wildlife"
Natural,Garamba National Park,Democratic Republic of the Congo,"Park,Wildlife"
Natural,Kahuzi-Biega National Park,Democratic Republic of the Congo,"Park,Wildlife"
Natural,Okapi Wildlife Reserve,Democratic Republic of the Congo,"Reserve,Forest,Wildlife"
Cultural,The Old Town in Aarhus,Denmark,"Museum,Old Town"
Cultural,Egeskov Castle,Denmark,"Architecture,Renaissance,Fortification,Castle"
Cultural,Frederiksborg Castle,Denmark,"Architecture,Renaissance,Fortification,Castle"
Cultural,Little Mermaid Statue,Denmark,Statue
Natural,Møns Klint,Denmark,"Cliff,Landform,Rock Formation"
Natural,Nyhavn,Denmark,"Harbour,Canal"
Cultural,Tivoli Gardens,Denmark,"Gardens,Amusement park"
Natural,Galápagos Islands,Ecuador,"Islands,Cruise,Wildlife,Marine Life,Snorkeling,Scuba Diving"
Cultural,The Church of the Society of Jesus,Ecuador,"Architecture,Chrisianity,Baroque,Church"
Cultural,Otavalo Market,Ecuador,Market
Cultural,Giza pyramid complex,Egypt,"Archaeological Site,Ancient,Tomb"
Cultural,Valley of the Kings - Theban Necropolis,Egypt,"Archaeological Site,Ancient,Ruins,Tombs"
Cultural,Karnak,Egypt,"Ancient,Ruins"
Cultural,Abu Simbel,Egypt,"Ancient,Temples,Rock Art,Statues"
Cultural,Egyptian Museum,Egypt,Museum
Cultural,Nile River Cruise,Egypt,Cruise
Cultural,Mortuary Temple of Hatshepsut,Egypt,"Ancient,Temple,Shrine"
Cultural,Luxor Temple,Egypt,"Ancient,Temple"
Cultural,Great Sphinx of Giza,Egypt,Statue
Cultural,Edfu Temple,Egypt,"Ancient,Temple,Shrine"
Cultural,Kom Ombo Temple,Egypt,"Ancient,Temple"
Cultural,Suez Canal,Egypt,Canal
Cultural,Colossi of Memnon,Egypt,"Ancient,Statues"
Cultural,Saint Catherine's Monastery,Egypt,"Christianity,Monastery"
Cultural,Saladin Citadel of Cairo,Egypt,"Architecture,Islam,Medieval,Fortification"
Cultural,City of the Dead,Egypt,"Ancient,Tombs"
Cultural,Step Pyramid of Djoser,Egypt,"Archaeological Site,Ruin,Tomb"
Cultural,Philae Temple Complex,Egypt,"Ancient,Temple"
Natural,Ras Muhammad National Park,Egypt,"Park,Marine Life,Snorkeling,Scuba Diving"
Cultural,Siwa Oasis,Egypt,"Ancient,Ruins"
Natural,Farafra - White Desert,Egypt,"Desert,Rock Formations"
Cultural,Tallinn Old Town,Estonia,Old Town
Cultural,Fasil Ghebbi,Ethiopia,"Architecture,Fortress,Fortification"
Natural,Blue Nile Falls,Ethiopia,Waterfall
Natural,Yasawa Islands,Fiji,"Islands,Marine Life,Snorkeling,Scuba Diving"
Natural,Lapland,Finland,"Trekking,Wildlife"
Natural,Karelia's Lakes,"Finland,Russian Federation",Lakes
Cultural,Mont Saint-Michel,France,"Architecture,Christianity,Monastery"
Cultural,Chartres Cathedral,France,"Architecture,Christianity,Cathedral,Gothic"
Cultural,Palace and Park of Versailles,France,"Architecture,Palace"
Cultural,Eiffel Tower,France,"Architecture,Industrial,Tower"
Cultural,Louvre,France,Museum
Cultural,Château de Chambord,France,"Architecture,Castle,Renaissance"
Cultural,Palace of Fontainebleau,France,"Architecture,Palace,Medieval"
Cultural,Amiens Cathedral,France,"Architecture,Christianity,Cathedral,Gothic"
Cultural,Historic Centre of Avignon,France,"Architecture,Old Town,Medieval,Gothic"
Cultural,Pont du Gard,France,"Architecture,Roman,Aqueduct"
Cultural,Reims Cathedral,France,"Architecture,Christianity,Cathedral,Gothic"
Cultural,The Loire Valley between Sully-sur-Loire and Chalonnes,France,Valley
Cultural,Musée d'Orsay,France,"Art Gallery,Museum"
Cultural,Notre Dame de Paris,France,"Architecture,Christianity,Cathedral,Gothic,Medieval"
Cultural,Opéra Garnier,France,"Architecture,Beaux Arts,Opera House"
Cultural,Sainte-Chapelle,France,"Architecture,Christianity,Chapel,Gothic"
Cultural,Château de Chenonceau,France,"Architecture,Castle,Renaissance"
Cultural,Millau Bridge,France,"Architecture,Bridge"
Cultural,Roman Theatre of Orange,France,"Architecture,Roman"
Cultural,Grande île (Strasbourg),France,"Architecture,Old Town,Medieval"
Natural,New Caledonian Barrier Reef,France,"Island,Marine Life,Coral Reef,Snorkeling,Scuba Diving"
Cultural,Arc de Triomphe,France,"Arch,Monument"
Cultural,Centre Pompidou,France,"Architecture,Industrial,Modern"
Cultural,Château du Haut-Koenigsbourg,France,"Architecture,Castle,Fortification,Medieval"
Cultural,Strasbourg Old Town,France,"Architecture,Old Town,Medieval"
Cultural,Riquewihr,France,"Architecture,Old Town,Vineyards"
Mixed,"Bonifacio, Corse-du-Sud",France,"Port,Seascape,Harbour"
Mixed,Dordogne - Black Périgord,France,"Countryside,Road Trip"
Cultural,Maison Carrée,France,"Architecture,Roman,Temple,Ancient"
Cultural,Arena of Nîmes,France,"Architecture,Roman,Amphitheatre,Ancient"
Cultural,Honfleur Harbor,France,"Harbour,Port"
Natural,Verdon Gorge,France,Canyon
Cultural,Le Puy-en-Velay,France,"Architecture,Old Town,Medieval"
Cultural,Lourdes,France,"Architecture,Old Town,Chrisianity"
Natural,Bora Bora,French Polynesia,"Island,Lagoon,Marine Life,Coral Reef,Snorkeling,Scuba Diving,Seascape"
Natural,Moorea,French Polynesia,"Island,Scuba Diving,Snorkeling"
Natural,Fatu Hiva,French Polynesia,"Island,Landscape"
Cultural,Upper Svaneti,Georgia,"Mountains,Landscapes"
Cultural,Gelati Monastery,Georgia,"Architecture,Monastery,Christianity"
Cultural,Neuschwanstein Castle,Germany,"Architecture,Romanesque Revival,Palace,Castle"
Cultural,Cologne Cathedral,Germany,"Architecture,Christianity,Cathedral,Gothic"
Cultural,Upper Middle Rhine Valley,Germany,"Valley,Landscape,Cruise"
Cultural,Kunstareal,Germany,Museums
Cultural,Maulbronn Monastery,Germany,"Architecture,Gothic,Christianity,Monastery,Medieval"
Cultural,Goslar Old Town,Germany,"Architecture,Old Town,Medieval"
Cultural,Town of Bamberg,Germany,"Old Town,Medieval"
Cultural,Museum Island,Germany,Museums
Cultural,Deutsches Museum,Germany,Museum
Cultural,Staatliches Hofbräuhaus,Germany,Brewery
Cultural,Nymphenburg Palace,Germany,"Architecture,Baroque,Palace"
Cultural,Oktoberfest,Germany,Festival
Cultural,Munich Residenz,Germany,"Architecture,Renaissance,Palace"
Cultural,Berchtesgaden,Germany,"Alpine,Resort,Village"
Cultural,Garmisch-Partenkirchen,Germany,"Alpine,Resort,Mountains"
Cultural,Romantic Road,Germany,"Road Trip,Countryside"
Cultural,Rothenburg ob der Tauber,Germany,"Architecture,Old Town,Medieval"
Cultural,Reichstag,Germany,"Architecture,Neoclassical,Building"
Cultural,Heidelberg Castle,Germany,"Architecture,Renaissance,Castle,Ruin"
Natural,Mosel Valley,Germany,"Valley,Landscape"
Cultural,Zwinger of Dresden,Germany,"Architecture,Baroque,Museum"
Cultural,Munich Frauenkirche,Germany,"Architecture,Gothic,Christianity,Cathedral"
Cultural,Delphi,Greece,"Archaeological Site,Ruins,Ancient,Greek,Temple"
Cultural,Acropolis of Athens,Greece,"Archaeological Site,Ruins,Ancient,Greek,Citadel"
Cultural,Santorini,Greece,Island
Mixed,Meteora Monasteries,Greece,"Architecture,Christianity,Monastery,Rock Art"
Cultural,Epidaurus,Greece,"Architecture,Ruins,Ancient,Greek,Amphitheatre"
Cultural,Olympia,Greece,"Archaeological Site,Ruins,Ancient,Greek,Sanctuary"
Cultural,Acropolis Museum,Greece,Museum
Cultural,"National Archaeological Museum, Athens",Greece,Museum
Mixed,Mount Athos,Greece,Mountain
Cultural,Rhodes Old Town,Greece,"Architecture,Old Town,Medieval"
Cultural,Delos,Greece,"Archaeological Site,Ruins,Ancient,Greek,Sanctuary"
Cultural,Mycenae,Greece,"Archaeological Site,Ruins,Ancient,Greek,Town"
Cultural,Old Town of Corfu,Greece,"Island,Old Town,Medieval"
Cultural,Temple of Hephaestus,Greece,"Ancient,Greek,Temple,Church,Christianity"
Cultural,Theatre of Dionysus,Greece,"Ruins,Ancient,Greek,Theatre"
Cultural,Knossos Palace,Greece,"Archaeological Site,Ruins,Ancient,Greek,Palace"
Cultural,Lindos Acropolis,Greece,"Archaeological Site,Ruins,Ancient,Greek,Citadel"
Cultural,The Caves of Matala,Greece,"Caves,Seascape"
Cultural,Mykonos,Greece,Island
Cultural,Paros,Greece,Island
Natural,Samariá Gorge,Greece,"Canyon,Park,Hiking,Trail"
Cultural,Temple of Poseidon at Cape Sounion,Greece,"Archaeological Site,Ruins,Ancient,Greek,Temple"
Mixed,Tikal National Park,Guatemala,"Ruins,Ancient,Town,Maya"
Cultural,Antigua Guatemala,Guatemala,"Architecture,Baroque,Colonial,Town"
Cultural,Chichicastenango,Guatemala,"Town,Market"
Natural,Lake Atitlán,Guatemala,Lake
Natural,Semuc Champey,Guatemala,"Pools,Natural Monument"
Cultural,Devil's Island,Guiana,"Colonial,Prison"
Natural,Kaieteur Falls,Guyana,Waterfall
Cultural,Citadelle Laferrière,Haiti,"Architecture,Fortification,Fortress"
Cultural,Copan,Honduras,"Archaeological Site,Ruins,Ancient,Maya"
Cultural,Budapest Old Town,Hungary,"Architecture,Old Town"
Natural,Gullfoss,Iceland,Waterfall
Cultural,Thingvellir National Park,Iceland,Park
Natural,Blue Lagoon,Iceland,"Geothermal,Pool"
Natural,Geysir,Iceland,"Geyser,Spring"
Natural,Jökulsárlón,Iceland,"Glacial,Lake"
Natural,Mývatn,Iceland,"Lake,Wildlife"
Natural,Vatnajokull,Iceland,Glacier
Cultural,Taj Mahal,India,"Architecture,Mausoleum,Tomb"
Cultural,Harmandir Sahib,India,"Architecture,Sikh,Temple"
Natural,Kashmir Valley,India,"Valley,Trekking"
Natural,Ladakh,India,"Trekking,Landscape"
Cultural,Meenakshi Amman Temple,India,"Architecture,Tamizhan,Hindu,Temple"
Cultural,Dashashwamedh Ghat,India,Hindu
Cultural,Red Fort Complex,India,"Architecture,Indian,Fortification"
Cultural,Qutb Minar,India,"Architecture,Islam,Minaret,Tower"
Cultural,Khajuraho,India,"Architecture,Nagara,Hindu,Temples"
Cultural,Ajanta Caves,India,"Rock Art,Buddhism"
Cultural,Ellora Caves,India,"Rock Art,Buddhism"
Cultural,Agra Fort,India,"Architecture,Fortification"
Cultural,Fatehpur Sikri,India,"Architecture,Indian,Complex"
Cultural,Amer Fort,India,"Architecture,Fortification"
Cultural,"City Palace, Udaipur",India,"Architecture,Palace,Rajasthani,Mughal"
Cultural,Darjeeling,India,"Architecture,Town"
Cultural,Jama Masjid in Delhi,India,"Architecture,Islam,Mosque"
Cultural,Ekambareswarar Temple,India,"Architecture,Dravidian,Hindu,Temple"
Natural,Kerala Backwaters,India,"Lakes,Cruise"
Cultural,Lake Palace,India,Hotel
Cultural,Lotus Temple,India,"Architecture,Expressionist,Temple"
Natural,Thalay Sagar,India,Mountain
Cultural,Humayun's Tomb,India,"Architecture,Mughal,Tomb"
Cultural,Old Goa,India,"Architecture,Christianity,Old Town"
Cultural,Hampi,India,"Architecture,Ruins,Hindu,Temples"
Cultural,Elephanta Caves,India,"Rock Art,Hindu"
Cultural,Mahabodhi Temple,India,"Architecture,Buddhism,Temple"
Cultural,"Jantar Mantar, Jaipur",India,Observatory
Natural,Andaman Islands,India,"Island,Marine Life,Snorkeling,Scuba Diving"
Cultural,Brihadeeswarar Temple,India,"Architecture,Dravidian,Hindu,Temple"
Cultural,Chand Baori,India,Well
Cultural,Gateway To India,India,Monument
Cultural,Girnar Jain temples,India,"Architecture,Jainism,Temple"
Cultural,Gommateshwara Statue,India,"Architecture,Jainism,Statue"
Cultural,Gwalior Fort,India,"Architecture,Fortification"
Cultural,Indian Museum,India,Museum
Cultural,Jantar Mantar Observatory,India,Observatory
Natural,Lakshadweep Islands,India,"Islands,Marine Life,Snorkeling,Scuba Diving"
Cultural,Mehrangarh Fort,India,"Architecture,Fortification"
Cultural,Mysore Palace,India,"Architecture,Indo Saracenic,Palace"
Cultural,Palace of the Winds,India,"Architecture,Rajput,Palace"
Cultural,Calcutta Jain Temple,India,"Architecture,Jainism,Temple"
Cultural,Ramanathaswamy Temple,India,"Architecture,Dravidian,Hindu,Temple"
Natural,Sikkim,India,"Mountains,Wildlife,Trekking"
Cultural,"Venkateswara Temple, Tirumala",India,"Architecture,Stupa,Candi,Hindu,Temple"
Cultural,Hill Forts of Rajasthan,India,"Architecture,Fortification"
Cultural,Mahabalipuram,India,Rock Art
Cultural,Borobudur,Indonesia,"Architecture,Dravidian,Buddhism,Temple"
Cultural,Bali,Indonesia,"Island,Terrace,Scuba Diving"
Cultural,Prambanan Temple,Indonesia,"Architecture,Candi,Hindu,Temple"
Natural,Komodo National Park,Indonesia,"Parks,Wildlife,Trekking"
Natural,Raja Ampat Islands,Indonesia,"Islands,Scuba Diving,Snorkeling,Seascape,Marine Life"
Natural,Krakatau Island,Indonesia,"Island,Volcano"
Natural,Lombok,Indonesia,"Island,Trekking,Snorkeling"
Natural,"Manado Marine Park, Sulawesi",Indonesia,"Scuba Diving,Marine Life"
Natural,Samosir Island,Indonesia,Island
Cultural,Taman Mini Indonesia Indah,Indonesia,"Gardens,Amusement park"
Cultural,Tanah Lot Temple,Indonesia,"Architecture,Hindu,Temple"
Cultural,Pura Ulun Danu Bratan,Indonesia,"Architecture,Hindu,Temple"
Cultural,Uluwatu Temple,Indonesia,"Architecture,Hindu,Temple"
Cultural,Toraja villages,Indonesia,Villages
Cultural,Jameh Mosque and Square of Isfahan,Iran,"Architecture,Islam,Mosque,Square"
Cultural,Persepolis,Iran,"Archaeological site,Ruins"
Cultural,Iranian Crown Jewels,Iran,Collection
Cultural,Hatra,Iraq,"Archaeological site,Ruins"
Cultural,Babylon,Iraq,"Archaeological site,Ruins"
Cultural,Shorja,Iraq,Market
Cultural,National Museum of Iraq,Iraq,Museum
Cultural,Wadi-us-Salaam,Iraq,"Cemetry,Catacombs,Tombs"
Cultural,Ziggurat of Ur,Iraq,"Archaeological site,Ruins"
Natural,Cliffs of Moher,Ireland,"Landform,Rock Formation,Cliff"
Cultural,Newgrange,Ireland,"Archaeological site,Rock Art"
Cultural,Skellig Michael,Ireland,"Architecture,Christianity,Monastery"
Natural,Aran Islands,Ireland,Islands
Cultural,Blarney Castle,Ireland,"Castle,Fortification,Medieval"
Natural,Dingle Peninsula,Ireland,"Peninsula,Rock Formations"
Natural,Ring of Kerry,Ireland,"Road Trip,Countryside"
Cultural,Rock of Cashel,Ireland,"Architecture,Medieval,Castle,Ruins"
Cultural,Trinity College Library,Ireland,Library
Cultural,Old City of Jerusalem,Israel,"Architecture,Old Town,Fortification"
Cultural,Masada,Israel,Fortification
Natural,Dead Sea,Israel,Lake
Cultural,Temple Mount,Israel,"Temple,Mosque,Judaism,Christianity,Islam"
Cultural,Church of the Holy Sepulchre,Israel,"Architecture,Romanesque,Baroque,Church,Chrisianity"
Cultural,Colosseum,Italy,"Architecture,Roman,Amphitheatre,Ancient"
Cultural,Historic Centre of Florence,Italy,"Architecture,Renaissance,City,Skyline"
Cultural,Venice,Italy,"Architecture,City,Canals,Lagoon"
Cultural,Piazza dei Miracoli & Tower of Pisa,Italy,"Architecture,Medieval,Square,Cathedral,Tower"
Cultural,Pompei,Italy,"Archaeological site,Ruins,Roman"
Cultural,Amalfi Coast,Italy,"Road Trip,Seascape"
Cultural,Portofino,Italy,Village
Cultural,St Mark's Basilica,Italy,"Architecture,Byzantine,Gothic,Church,Cathedral,Christianity"
Cultural,Uffizi,Italy,"Architecture,Renaissance,Art,Museum"
Cultural,Medici Villas and Gardens in Tuscany,Italy,"Architecture,Renaissance,Countryside,Road Trip,Gardens"
Cultural,San Gimignano,Italy,"Architecture,Medieval,Old Town"
Cultural,Historic Centre of Siena,Italy,"Architecture,Medieval,Old Town"
Cultural,Cinque Terre,Italy,"Terraces,Villages,Trekking,Seascape"
Cultural,Borghese Gallery,Italy,Art Gallery
Cultural,Catacomb of Callixtus,Italy,Tomb
Natural,Italian Lake District,Italy,Lake
Cultural,"Pantheon, Rome",Italy,"Architecture,Roman,Temple,Ancient"
Cultural,Palazzo Pitti,Italy,"Architecture,Renaissance,Museum,Art"
Cultural,Roman Forum,Italy,"Archaeological site,Ruins,Roman,Ancient"
Cultural,Santa Maria delle Grazie (Milan),Italy,"Architecture,Gothic,Church,Chrisianity"
Cultural,Alberobello's Trulli,Italy,Houses
Cultural,Herculaneum,Italy,"Archaeological site,Ruins,Roman"
Cultural,Valle dei Templi,Italy,"Archaeological site,Ruins,Roman"
Cultural,Paestum,Italy,"Archaeological site,Ruins,Greek"
Cultural,Assisi,Italy,"Architecture,Medieval,Old Town"
Cultural,Villa d'Este,Italy,"Architecture,Renaissance,Villa,Garden"
Cultural,Ancient Syracuse,Italy,"Architecture,Greek"
Natural,Mount Etna,Italy,"Mountain,Volcano"
Cultural,Gallery of the Academy of Florence,Italy,"Art Gallery,Museum"
Cultural,Bargello,Italy,Museum
Cultural,Bergamo Upper Town,Italy,"Medieval,Old Town"
Cultural,Capri,Italy,Island
Cultural,Castel Sant'Angelo,Italy,"Castle,Tomb"
Cultural,Doges' Palace,Italy,"Architecture,Gothic,Palace,Museum"
Cultural,La Scala,Italy,Opera House
Cultural,Medici Chapels,Italy,"Architecture,Renaissance,Mannerist,Christianity,Chapel,"
Cultural,Milan Cathedral,Italy,"Architecture,Gothic,Christianity,Cathedral"
Natural,Mount Vesuvius,Italy,Mountain
Cultural,"San Marco, Florence",Italy,"Museum,Art"
Cultural,Orvieto,Italy,"Architecture,Old Town,Fortification"
Cultural,Ostia Antica,Italy,"Archaeological site,Roman,Ancient"
Cultural,Piazza della Signoria,Italy,"Architecture,Romanesque,Square"
Cultural,Ponte Vecchio,Italy,"Bridge,Medieval"
Cultural,Positano,Italy,Village
Cultural,Basilica of Sts. Vitalis,Italy,"Christianity,Church,Ancient"
Cultural,Spanish Steps,Italy,"Architecture,Baroque,Stairways,Square"
Cultural,Piazza San Marco,Italy,"Architecture,Renaissance,Square"
Cultural,Taormina,Italy,"Archaeological site,Greek,Ancient,Old Town"
Cultural,Trevi Fountain,Italy,"Architecture,Baroque,Fountain"
Cultural,Basilica of Our Lady of Peace,Ivory Coast,"Architecture,Renaissance,Baroque,Church,Christianity"
Natural,Dunn's River Falls,Jamaica,Waterfall
Cultural,Kinkaku-ji - Golden Pavilion,Japan,"Temple,Buddhism"
Cultural,Himeji-jo,Japan,"Castle,Fortification"
Cultural,Kyoto,Japan,Old Town
Cultural,Nara,Japan,Old Town
Cultural,Shrines and Temples of Nikko,Japan,"Temple,Buddhism,Shrine,Shinto"
Cultural,Mount Fuji,Japan,Mountain
Cultural,The Great Buddha of Kamakura,Japan,"Statue,Buddhism"
Cultural,Horyu-ji Temple,Japan,"Temple,Buddhism"
Cultural,Asakusa Shrine,Japan,"Shrine,Shinto"
Cultural,Byodo-in,Japan,"Temple,Buddhism"
Cultural,Chion-in Temple,Japan,"Temple,Buddhism"
Cultural,Fushimi Inari-taisha,Japan,"Shrine,Shinto"
Cultural,Kasuga-taisha,Japan,"Shrine,Shinto"
Cultural,Kiyomizu-dera,Japan,"Temple,Buddhism"
Cultural,Kyoto National Museum,Japan,"Museum,Art"
Cultural,Nijo Castle,Japan,"Castle,Fortification"
Cultural,Nishi Honganji,Japan,"Temple,Buddhism"
Cultural,Osaka Castle,Japan,"Castle,Fortification"
Cultural,Ryoan-ji,Japan,"Garden,Rock Art,Temple,Buddhism"
Cultural,Sanjusangen-do,Japan,"Temple,Buddhism"
Cultural,Shibuya at night,Japan,District
Cultural,Todai-ji,Japan,"Temple,Buddhism"
Cultural,Tsukiji fish market,Japan,Market
Cultural,Tokyo National Museum,Japan,"Museum,Art"
Cultural,Ushiku Great Buddha,Japan,"Statue,Buddhism"
Natural,Arashiyama Bamboo Forest,Japan,"Forest,Park"
Cultural,Petra,Jordan,"Archaelogical Site,Rock Art,Tombs"
Cultural,Quseir Amra,Jordan,"Architecture,Arabic,Castle,Foritification"
Mixed,Wadi Rum,Jordan,"Reserve,Landform"
Cultural,Jerash,Jordan,"Archaelogical Site,Ruins,Ancient,Roman"
Cultural,Madaba Mosaics,Jordan,Archaelogical Site
Natural,Mount Kenya National Park,Kenya,"Park,Mountain,Wildlife"
Cultural,Lamu Old Town,Kenya,Old Town
Natural,Great Rift Valley,Kenya,"Landform,Rift,Wildlife"
Natural,Amboseli National Park,Kenya,"Park,Wildlife"
Natural,Meru National Park,Kenya,"Park,Wildlife"
Natural,Nairobi National Park,Kenya,"Park,Wildlife"
Natural,Thompson's Falls,Kenya,Waterfall
Cultural,Treetops Hotel,Kenya,Hotel
Natural,Tsavo National Park,Kenya,"Park,Wildlife"
Natural,Issyk Kul Lake,Kyrgyzstan,Lake
Cultural,Luang Prabang,Laos,"Architecture,Colonial,Town"
Cultural,Plain of Jars,Laos,"Archaelogical Site,Megaliths"
Cultural,That Luang,Laos,"Temple,Buddhism"
Cultural,Baalbek,Lebanon,"Archaelogical Site,Ruins,Ancient,Roman"
Cultural,Byblos,Lebanon,"Archaelogical Site,Old Town,Ancient,Port"
Cultural,Tyre,Lebanon,"Archaelogical Site,Ancient,Port"
Cultural,Corniche Beirut,Lebanon,Promenade
Natural,Jeita Grotto,Lebanon,Cave
Cultural,Sidon Old Town,Lebanon,"Old Town,Medieval"
Cultural,Leptis Magna,Libya,"Archaelogical Site,Ruins,Ancient,Roman,Amphitheatre"
Cultural,Sabratha,Libya,"Archaelogical Site,Ruins,Ancient,Roman"
Cultural,Cyrene,Libya,"Archaelogical Site,Ruins,Ancient,Greek,Roman,Amphitheatre"
Cultural,Rock-Art Sites of Tadrart Acacus,Libya,Rock Art
Cultural,Old Town of Ghadamès,Libya,"Old Town,Oasis"
Cultural,Red Castle Museum,Libya,Museum
Cultural,Tripoli Medina Quarter,Libya,Old Town
Cultural,Vilnius Old Town,Lithuania,Old Town
Cultural,Luxembourg  Old Town,Luxembourg,"Old Town,Fortifications"
Mixed,Ohrid,Macedonia,"Old Town,Archeological Site"
Natural,Masoala National Park,Madagascar,"Park,Forest,Rainforest,Wildlife"
Natural,Ranomafana National Park,Madagascar,"Park,Forest,Rainforest,Wildlife"
Natural,Lake Malawi National Park,Malawi,"Park,Wildlife,Lake"
Cultural,Petronas Towers,Malaysia,"Architecture,Tower"
Cultural,Sipadan Island,Malaysia,"Island,Scuba Diving,Marine Life"
Cultural,George Town,Malaysia,"Architecture,Colonial"
Cultural,Batu Caves,Malaysia,"Cave,Temple,Hinduism"
Cultural,Djenné Old Town,Mali,"Architecture,Afrikan,Old Town,Islam"
Cultural,Timbuktu,Mali,"Old Town,Islam"
Mixed,Bandiagara Escarpment,Mali,"Archaelogical Site,Landform,Cliff"
Cultural,Mount Hombori,Mali,Mountain
Cultural,Grand Mosque of Mopti,Mali,"Architecture,Mosque,Islam"
Cultural,Valletta,Malta,"Architecture,Baroque,Old Town"
Cultural,Hagar Qim,Malta,Temple
Cultural,Mdina,Malta,"Old Town,Fortifications"
Cultural,"Victoria, Gozo",Malta,Old Town
Cultural,Ancient Chinguetti,Mauritania,"Old Town,Ancient"
Cultural,Chichen Itza,Mexico,"Archaelogical Site,Maya"
Cultural,Teotihuacan,Mexico,"Archaelogical Site,Architecture,Megaliths,Ruins"
Cultural,Palenque,Mexico,"Archaelogical Site,Maya"
Cultural,Monte Albán,Mexico,"Archaelogical Site,Ruins"
Cultural,Uxmal,Mexico,"Archaelogical Site,Maya"
Mixed,Calakmul,Mexico,"Archaelogical Site,Maya"
Cultural,San Miguel de Allende,Mexico,"Architecture,Baroque,Old Town"
Cultural,Mitla,Mexico,"Archaelogical Site,Tombs,Mosaics"
Cultural,Acapulco,Mexico,"Resorts,City,Port"
Natural,Copper Canyon,Mexico,Canyon
Cultural,National Museum of Anthropology,Mexico,Museum
Cultural,Parque-Museo La Venta,Mexico,Museum
Cultural,Taxco,Mexico,"Architecture,Colonial,Old Town"
Cultural,Nan Madol,Micronesia,"Archaelogical Site,Ruins"
Cultural,Monaco Grand Prix,Monaco,Sport
Cultural,Monte Carlo Casino,Monaco,"Entertainment,Casino"
Natural,Khövsgöl Nuur,Mongolia,Lake
Cultural,Kotor,Montenegro,"Old Town,Fortifications"
Cultural,Marrakesh Medina,Morocco,"Old Town,Markets"
Cultural,Fez Medina,Morocco,Old Town
Cultural,Meknes,Morocco,"Old Town,Fortifications"
Cultural,Medina of Tétouan,Morocco,Old Town
Cultural,Tangiers Medina,Morocco,"Old Town,Fortifications"
Cultural,Ouarzazate,Morocco,"Old Town,Fortifications"
Cultural,Island of Mozambique,Mozambique,"Architecture,Colonial,Fortification"
Cultural,Bagan,Myanmar,"Architecture,Old Town,Buddhism,Temples"
Cultural,Shwedagon Pagoda,Myanmar,"Architecture,Buddhism,Pagoda,Stupa"
Cultural,Kuthodaw Pagoda,Myanmar,"Architecture,Buddhism,Pagoda,Stupa"
Cultural,Mount Popa,Myanmar,"Mountain,Hiking,Buddhism"
Natural,Inle Lake,Myanmar,Lake
Cultural,Mandalay Palace,Myanmar,"Architecture,Palace"
Cultural,Monywa,Myanmar,"Architecture,Buddhism,Temples"
Natural,Mergui Archipelago,Myanmar,"Islands,Scuba Diving,Snorkeling"
Cultural,Shwenandaw Monastery,Myanmar,"Architecture,Monastery,Buddhism"
Natural,Namib Desert,Namibia,Desert
Natural,Etosha National Park,Namibia,"Park,Wild Life"
Natural,Fish River Canyon,Namibia,Canyon
Natural,Skeleton Coast,Namibia,"Landscape,Sand Dune"
Cultural,Kathmandu Valley,Nepal,"Architecture,Hindu,Temples"
Cultural,Lumbini,Nepal,"Architecture,Temple,Buddhism"
Natural,Sagarmatha National Park,Nepal,"Park,Wild Life"
Cultural,Canals of Amsterdam,Netherlands,Canals
Cultural,Aalsmeer Flower Auction,Netherlands,Market
Cultural,Keukenhof Gardens,Netherlands,Garden
Cultural,Rijksmuseum,Netherlands,Museum
Cultural,Madurodam Miniature Park,Netherlands,Amusement Park
Cultural,Royal Palace of Amsterdam,Netherlands,"Palace,Architecture,Classicism"
Cultural,Alkmaar Cheese Market,Netherlands,Market
Natural,New Caledonia Island,New Caledonia,"Island,Scuba Diving,Snorkeling,Marine Life"
Natural,Fiordland National Park,New Zealand,"Park,Wildlife"
Natural,Poor Knights Islands,New Zealand,"Islands,Scuba Diving"
Natural,Rotorua Geothermal Area,New Zealand,"Geothermal,Hot Springs,Geyser"
Natural,Waitomo Caves,New Zealand,Caves
Cultural,Kaesong Old Town,North Korea,"Old Town,Architecture,Confucianism"
Natural,Mount Kumgang,North Korea,Mountain
Natural,West Norwegian Fjords - Geirangerfjord and Nærøyfjord,Norway,Fjord
Cultural,Spitsbergen / Svalbard,Norway,"Island,Wildlife"
Cultural,Urnes Stave Church,Norway,"Architecture,Christianity,Church"
Cultural,Bryggen,Norway,"Old Town,Architecture,Buildings"
Cultural,Akershus Fortress,Norway,"Architecture,Castle,Fortress,Fortification"
Cultural,National Gallery of Norway,Norway,Art Gallery
Cultural,Bahla Fort,Oman,"Architecture,Fortress,Fortification"
Cultural,Musandam fjord cruise,Oman,"Cruise,Fjord"
Cultural,Sultan Qaboos Grand Mosque,Oman,"Architecture,Islam,Mosque"
Cultural,Archaeological Ruins at Moenjodaro,Pakistan,"Archaelogical Site,Ruins"
Cultural,Taxila,Pakistan,"Archaelogical Site,Ruins,Buddhism,Stupa"
Cultural,Fort and Shalamar Gardens in Lahore,Pakistan,"Gardens,Fortifications"
Cultural,Rohtas Fort,Pakistan,"Archaelogical Site,Fortifications"
Cultural,Badshahi Mosque,Pakistan,"Architecture,Islam,Mosque"
Cultural,Tomb of Jahangir,Pakistan,"Architecture,Mausoleum,Tomb"
Natural,Hunza Valley,Pakistan,Valley
Natural,K2 Mountain,Pakistan,Mountain
Natural,Khyber Pass,Pakistan,Route
Cultural,Panama Canal,Panama,Canal
Mixed,Sepik River,Papua New Guinea,River
Natural,Wuvulu Island,Papua New Guinea,Island
Mixed,Machu Picchu,Peru,"Archaelogical Site,Citadel,Ruins"
Cultural,City of Cuzco,Peru,"Archaelogical Site,Old Town,Architecture,Colonial"
Cultural,Nazca Lines,Peru,"Archaelogical Site,Geoglyphs,Land Art"
Cultural,Chavin de Huantar,Peru,"Archaelogical Site,Ruins"
Cultural,Chan Chan,Peru,"Archaelogical Site,Ancient,Ruins"
Cultural,Banaue Rice Terraces,Philippines,Terraces
Natural,Puerto Princesa Undeground River,Philippines,"Park,River"
Natural,Tubbataha Reefs Natural Park,Philippines,"Park,Wildlife,Island,Marine Life,Snorkeling,Scuba Diving"
Natural,Chocolate Hills,Philippines,"Landform,Hills"
Natural,Mayon Volcano,Philippines,"Park,Volcano"
Natural,Pamalican Island,Philippines,"Island,Resort,Scuba Diving"
Natural,Taal Volcano,Philippines,Volcano
Cultural,Wieliczka Salt Mine,Poland,Mine
Cultural,Kraków Old Town,Poland,"Architecture,Old Town,Medieval,Square"
Cultural,Warsaw Old Town,Poland,"Architecture,Old Town,Medieval,Square"
Cultural,Old City of Zamosc,Poland,"Architecture,Old Town,Renaissance"
Cultural,Malbork Castle,Poland,"Architecture,Castle,Fortress,Fortification,Medieval"
Cultural,Gdansk Old Town,Poland,"Architecture,Old Town,Port,Medieval"
Cultural,Lublin Old Town,Poland,"Architecture,Old Town,Renaissance"
Cultural,Wawel Castle,Poland,"Architecture,Castle,Renaissance"
Cultural,Sintra,Portugal,"Architecture,Manueline,Old Town"
Cultural,Angra do Heroismo in the Azores,Portugal,"Architecture,Old Town,Medieval"
Cultural,Belém Tower,Portugal,"Architecture,Tower,Fortification"
Cultural,Jerónimos Monastery,Portugal,"Architecture,Manueline,Christianity,Monastery"
Cultural,Historic Centre of Évora,Portugal,"Architecture,Old Town,Roman,Ancient"
Cultural,Alcobaça Monastery,Portugal,"Architecture,Gothic,Christianity,Monastery"
Cultural,Historic Centre of Porto,Portugal,"Architecture,Medieval,Old Town"
Cultural,Douro Valley,Portugal,"Valley,Wine"
Cultural,Landscape of the Pico Island Vineyard Culture,Portugal,"Wine,Landscape"
Cultural,Alfama,Portugal,Old Town
Natural,Algarve Coast,Portugal,Landscape
Natural,Madeira Islands,Portugal,"Islands,Snorkeling,Scuba Diving,Hiking"
Cultural,Obidos Castle & Village,Portugal,"Castle,Fortification,Village,Medieval"
Cultural,Palace of Queluz,Portugal,"Palace,Architecture,Rococo,Renaissance"
Cultural,São Jorge Castle,Portugal,"Castle,Citadel,Fortification,Medieval"
Cultural,Bulguksa,Republic of Korea,"Architecture,Temple,Buddhism"
Cultural,Seokguram,Republic of Korea,"Architecture,Cave,Temple,Buddhism,Statue"
Cultural,Haeinsa Temple,Republic of Korea,"Architecture,Buddhism,Temple"
Cultural,Jongmyo Shrine,Republic of Korea,"Architecture,Buddhism,Shrine"
Cultural,Changdeokgung Palace,Republic of Korea,"Architecture,Palace"
Cultural,Gyeongbokgung,Republic of Korea,"Architecture,Palace"
Natural,Seoraksan,Republic of Korea,"Mountain,Hiking"
Cultural,Beopjusa,Republic of Korea,"Architecture,Buddhism,Temple"
Natural,Maldive Islands,Republic of Maldives,"Island,Scuba Diving,Snorkeling,Marine Life"
Cultural,Villages with Fortified Churches in Transylvania,Romania,"Architecture,Villages,Fortification,Churches,Christianity"
Natural,Southern Carpathians - Transylvanian Alps,Romania,Mountains
Cultural,Hermitage Museum,Russian Federation,"Museum,Art Gallery"
Cultural,Moscow Kremlin,Russian Federation,"Architecture,Fortification"
Cultural,St Basil's Cathedral,Russian Federation,"Architecture,Cathedral,Church,Christianity"
Cultural,Catherine Palace,Russian Federation,"Architecture,Palace,Rococo"
Cultural,Church of the Savior on Blood,Russian Federation,"Architecture,Romantic,Church,Cathedral,Christianity"
Cultural,Peterhof Palace,Russian Federation,"Architecture,Palace,Gardens,Baroque"
Cultural,Saint Petersburg Center,Russian Federation,"Architecture,Old Town"
Cultural,Kizhi Pogost,Russian Federation,"Architecture,Churches,Christianity"
Cultural,Veliky Novgorod,Russian Federation,"Architecture,Old Town"
Cultural,White Monuments of Vladimir and Suzdal,Russian Federation,"Architecture,Churches,Christianity"
Cultural,Trinity Lavra of St. Sergius,Russian Federation,"Architecture,Monastery,Christianity"
Natural,Lake Baikal,Russian Federation,"Lake,Wildlife"
Natural,Volcanoes of Kamchatka,Russian Federation,Volcanos
Natural,Valley of Geysers,Russian Federation,"Valley,Geysers,Srping"
Cultural,Historical Centre of the City of Yaroslavl,Russian Federation,"Architecture,Old Town"
Cultural,Mayakovskaya Metro Station,Russian Federation,"Architecture,Stalinist,Station"
Cultural,Peter and Paul Fortress,Russian Federation,"Architecture,Citadel,Fortification"
Cultural,Trans-Siberian Railroad Trip,Russian Federation,"Railroad,Train Trip"
Cultural,Volga River Cruise,Russian Federation,Cruise
Natural,Volcanoes National Park,Rwanda,Wildlife
Cultural,Saba Airport,Saba,Airport
Cultural,Gustavia,Saint Barthelemy,"Architecture,Colonial,Old Town"
Natural,Pitons,Saint Lucia,"Volcanoes,Mountains"
Natural,Upolu,Samoa,"Island,Marine Life,Scuba Diving,Snorkelling,Beaches"
Cultural,San Marino,San Marino,"Old Town,Fortifications"
Cultural,Mecca,Saudi Arabia,"Old Town,Islam"
Cultural,Mada'in Saleh,Saudi Arabia,"Archaeological Site,Tombs"
Cultural,Jeddah Old Town,Saudi Arabia,"Old Town,Port"
Cultural,Hejaz Railway,Saudi Arabia,Railroad
Cultural,Medina,Saudi Arabia,"Old Town,Islam"
Cultural,Island of Gorée,Senegal,"Archaeological Site,Port,Colonial"
Cultural,African Renaissance Monument,Senegal,Statue
Natural,Aldabra Atoll,Seychelles,"Island,Marine Life,Scuba Diving"
Natural,Vallée de Mai Nature Reserve,Seychelles,"Park,Wildlife"
Cultural,Marina Bay Sands,Singapore,"Resort,Casino"
Cultural,Vlkolínec,Slovakia,Village
Natural,Skocjan Caves,Slovenia,Caves
Natural,Lake Bled,Slovenia,Lake
Natural,Kruger National Park,South Africa,"Park,Wildlife"
Natural,Table Mountain National Park,South Africa,"Park,Mountain,Hiking"
Cultural,Cape Town,South Africa,Harbour
Natural,Drakensberg,South Africa,"Mountains,Hiking"
Mixed,Kimberley Hole,South Africa,Mines
Natural,Panoramic Route,South Africa,"Route,Road Trip"
Natural,Phinda Private Game Reserve,South Africa,"Wildlife,Resort"
Cultural,The Mosque-Cathedral of Córdoba,Spain,"Architecture,Moorish,Renaissance,Christianity,Cathedral"
Cultural,Alhambra,Spain,"Architecture,Foritification"
Cultural,El Escorial,Spain,"Architecture,Renaissance,Christianity,Monastery"
Cultural,Guggenheim Museum Bilbao,Spain,"Architecture,Expressionist,Museum"
Cultural,Museo del Prado,Spain,"Architecture,Neoclassical,Museum"
Cultural,Aqueduct of Segovia,Spain,"Aqueduct,Roman"
Cultural,Alcázar of Segovia,Spain,"Architecture,Castle,Foritification"
Cultural,Burgos Cathedral,Spain,"Architecture,Gothic,Christianity,Cathedral"
Cultural,Sagrada Família,Spain,"Architecture,Modernisme,Basilica"
Cultural,Old Town of Santiago de Compostela,Spain,Old Town
Cultural,The Walls of Ávila,Spain,"Old Town,Fortifications"
Cultural,Old Town of Toledo,Spain,"Old Town,Roman,Medieval"
Cultural,Old City of Salamanca,Spain,"Old Town,Ancient,Roman,University"
Cultural,Seville Cathedral & Giralda Tower,Spain,"Architecture,Gothic,Christianity,Cathedral"
Cultural,Alcázar of Seville,Spain,"Architecture,Mudejar,Palace"
Mixed,Ibiza,Spain,Island
Cultural,Town of Cuenca,Spain,"Architecture,Old Town,Foritification"
Cultural,Ronda,Spain,"Architecture,Islamic,Old Town"
Mixed,Canary Islands,Spain,"Islands,Fishing"
Mixed,Costa del Sol,Spain,"Beach,Landscape"
Cultural,Barcelona Gothic Quarter,Spain,"Architecture,Gothic,Old Town"
Cultural,Plaza Mayor of Madrid,Spain,"Architecture,Renaissance,Square"
Cultural,Pamplona,Spain,"Old Town,Medieval"
Cultural,Royal Palace of Madrid,Spain,"Architecture,Palace,Baroque,Classicism"
Cultural,Sigiriya,Sri Lanka,"Archaeological Site,Ancient,Fortification"
Cultural,Anuradhapura,Sri Lanka,"Archaeological Site,Buddhism,Ancient"
Cultural,Kandy,Sri Lanka,"Buddhism,Old Town"
Cultural,Dambulla Cave Temple,Sri Lanka,"Archaeological Site,Temple,Buddhism,Cave"
Cultural,Jebel Barkal,Sudan,"Archaeological Site,Ruins,Tombs"
Cultural,Archaeological Sites of the Island of Meroe,Sudan,"Archaeological Site,Ancient,Ruins,Tombs"
Cultural,Old Town of Khartoum,Sudan,Old Town
Cultural,Drottningholm Palace,Sweden,Palace
Cultural,Hanseatic Town of Visby,Sweden,"Architecture,Romanesque,Old Town,Medieval,Viking"
Mixed,Laponian Area,Sweden,"Reserve,Wildlife"
Cultural,Kalmar Castle,Sweden,"Castle,Fortifications"
Cultural,Swedish History Museum,Sweden,"Architecture,Modernist,Museum"
Cultural,Skansen,Sweden,Museum
Natural,Stockholm Archipelago,Sweden,"Islands,Landforms"
Cultural,Gamla stan,Sweden,"Old Town,Medieval"
Natural,Matterhorn,Switzerland,"Mountain,Trekking"
Cultural,Old City of Berne,Switzerland,"Old Town,Medieval"
Cultural,Chillon Castle,Switzerland,"Castle,Fortification,Medieval"
Cultural,Fribourg Old Town,Switzerland,"Old Town,Roman,Medieval"
Cultural,Gstaad,Switzerland,"Village,Hiking,Skiing"
Cultural,Jungfrau Railway,Switzerland,"Railroad,Train Trip"
Cultural,Lucerne Covered Bridges,Switzerland,Bridges
Cultural,Palace of Nations,Switzerland,"Architecture,Classicism,Palace"
Cultural,Thun Castle,Switzerland,"Castle,Fortification"
Cultural,Altstadt (Zürich),Switzerland,"Old Town,Medieval"
Cultural,Damascus Old City,Syrian Arab Republic,"Old Town,Architecture,Ottoman"
Cultural,Palmyra,Syrian Arab Republic,"Ancient,Roman,Ruins"
Cultural,Ancient City of Aleppo,Syrian Arab Republic,"Old Town,Fortifications"
Cultural,Bosra Amphitheatre,Syrian Arab Republic,"Ancient,Roman,Amphitheatre,Ruins"
Cultural,Krak des Chevaliers,Syrian Arab Republic,"Architecture,Fortification,Castle"
Cultural,Apamea,Syrian Arab Republic,"Ruins,Archaeological Site,Roman,Greek"
Cultural,Norias of Hama,Syrian Arab Republic,"Aqueducts,Byzantine"
Cultural,Ma'loula,Syrian Arab Republic,Village
Cultural,Qanawat Roman Ruins,Syrian Arab Republic,"Ruins,Archaeological Site,Roman"
Natural,Serengeti National Park,Tanzania,"Park,Wildlife"
Mixed,Ngorongoro Conservation Area,Tanzania,"Reserve,Crater,Wildlife,Volcano"
Cultural,Stone Town,Tanzania,"Architecture,Colonial,Old Town"
Natural,Kilimanjaro National Park,Tanzania,"Park,Mountain,Wildlife"
Natural,Selous Game Reserve,Tanzania,"Reserve,Wildlife"
Natural,Arusha National Park,Tanzania,"Park,Wildlife"
Cultural,Dar Es Salaam Village Museum,Tanzania,Museum
Natural,Lake Manyara National Park,Tanzania,"Park,Wildlife"
Natural,Tarangire National Park,Tanzania,"Park,Wildlife"
Natural,Zanzibar Coral Reefs,Tanzania,"Beaches,Island,Marine Life,Scuba Diving,Snorkelling"
Cultural,Temple of the Emerald Buddha,Thailand,"Temple,Buddhism"
Cultural,Chiang Mai,Thailand,Old Town
Natural,Phi Phi Islands,Thailand,"Island,Scuba Diving"
Cultural,Grand Palace,Thailand,"Architecture,Thai,Palace"
Cultural,Wat Arun,Thailand,"Temple,Buddhism"
Cultural,Sukhothai Historical Park,Thailand,"Archaeological Site,Ruins"
Cultural,Historic City of Ayutthaya,Thailand,"Archaeological Site,Ruins"
Cultural,Bangkok Floating Markets,Thailand,Market
Cultural,Golden Buddha Statue,Thailand,Statue
Natural,Phang Nga Bay,Thailand,"Landform,Bay"
Natural,Phuket,Thailand,Island
Cultural,Phanom Rung Historical Park,Thailand,"Architecture,Khmer,Temple,Hindu"
Cultural,Phimai Historical Park,Thailand,"Architecture,Khmer,Temple,Buddhism"
Cultural,Temple of the Reclining Buddha,Thailand,"Temple,Buddhism"
Cultural,Koutammakou,Togo,Village
Natural,Vava'u,Tonga,"Island,Scuba Diving,Marine Life"
Cultural,Trinidad and Tobago Carnival,Trinidad and Tobago,"Show,Carnival,Festival"
Cultural,Medina of Tunis,Tunisia,"Architecture,Arabic,Old Town,Islam"
Cultural,Carthage,Tunisia,"Archeological Site,Ruins,Ancient"
Cultural,Kerkuane,Tunisia,"Archeological Site,Ruins,Ancient"
Cultural,Medina of Sousse,Tunisia,"Archeological Site,Old Town,Roman,Port,Ancient"
Cultural,Kairouan,Tunisia,"Archeological Site,Architecture,Arabic,Old Town,Islam"
Cultural,Dougga / Thugga,Tunisia,"Archeological Site,Ruins,Roman,Ancient"
Cultural,Matmata Underground Structures,Tunisia,Buildings
Cultural,Medenine Ksars,Tunisia,"Architecture,Berber,Fortification"
Cultural,Hagia Sophia,Turkey,"Architecture,Byzantine,Christianity,Church,Mosque"
Cultural,Topkapi Palace,Turkey,"Architecture,Ottoman,Palace,Muslim,Museum"
Mixed,Cappadocia,Turkey,"Landscape,Trekking,Rock Art"
Mixed,Pamukkale,Turkey,"Archeological Site,Hot Springs,Landform"
Cultural,Ephesus,Turkey,"Archeological Site,Ruins,Greek,Ancient"
Cultural,Blue Mosque,Turkey,"Architecture,Islam,Mosque"
Cultural,Grand Bazaar,Turkey,Market
Cultural,Divrigi,Turkey,"Architecture,Mosque"
Cultural,Nemrut Dag,Turkey,"Landform,Archeological Site,Ruins,Tomb"
Cultural,Troy,Turkey,"Architecture,Archeological Site,Ruins,Greek,Ancient"
Cultural,Pergamon,Turkey,"Archeological Site,Ruins,Greek,Roman,Ancient"
Cultural,Basilica Cistern,Turkey,"Architecture,Byzantine,Reservoir"
Cultural,Dolmabahce Palace,Turkey,"Architecture,Baroque,Palace"
Cultural,Antalya,Turkey,"Old Town,Port,Greek"
Cultural,Bodrum,Turkey,"Old Town,Port,Greek"
Cultural,Hierapolis,Turkey,"Archeological Site,Ruins,Greek,Roman,Ancient,Hot Springs"
Natural,Mount Ararat,Turkey,Mountain
Cultural,Merv,Turkmenistan,"Archeological Site,Ruins,Greek,Ancient"
Natural,Darvaza Gas Crater,Turkmenistan,"Crater,Landform"
Natural,Bwindi Impenetrable National Park,Uganda,"Park,Wildlife"
Natural,Rwenzori Mountains National Park,Uganda,"Park,Mountains"
Natural,Murchison Falls,Uganda,Waterfalls
Cultural,Saint-Sophia Cathedral,Ukraine,"Architecture,Christian,Cathedral"
Cultural,Lviv's Old Town,Ukraine,"Architecture,Old Town"
Cultural,Burj Al Arab,United Arab Emirates,"Architecture,High tech,Futurism,Postmodern,Hotel"
Cultural,Burj Khalifa,United Arab Emirates,"Architecture,Futurism,Tower"
Cultural,Sheikh Zayed Mosque,United Arab Emirates,"Mosque,Islam"
Cultural,Palm Islands,United Arab Emirates,Islands
Cultural,Ski Dubai,United Arab Emirates,"Skiing,Resort"
Cultural,World Islands,United Arab Emirates,Islands
Cultural,Aldar Headquarters,United Arab Emirates,"Architecture,Futurism,Postmodern,Building"
Cultural,Emirates Palace,United Arab Emirates,Hotel
Cultural,Stonehenge and Avebury,United Kingdom,"Archaeological Site,Ruins,Ancient"
Cultural,British Museum,United Kingdom,"Museum,Architecture,Neoclassical"
Natural,Giant's Causeway,United Kingdom,"Landform,Rock Formation"
Cultural,Tower of London,United Kingdom,"Tower,Castle,Architecture,Gothic,Fortification,Prison"
Cultural,Edinburgh Castle,United Kingdom,"Castle,Architecture,Renaissance,Fortification"
Natural,Rock of Gibraltar,United Kingdom,Landform
Cultural,Big Ben,United Kingdom,"Tower,Architecture,Gothic,Clock"
Cultural,St Paul's Cathedral,United Kingdom,"Architecture,Baroque,Cathedral,Christianity"
Cultural,Tower Bridge,United Kingdom,Bridge
Natural,White Cliffs of Dover,United Kingdom,"Cliff,Landform,Rock Formation"
Cultural,Caernarfon Castle,United Kingdom,"Fortification,Castle,Medieval"
Cultural,Conwy Castle,United Kingdom,"Fortification,Castle,Medieval"
Cultural,Westminster Palace & Abbey,United Kingdom,"Architecture,Gothic,Palace,Medieval,Abbey,Christianity"
Cultural,Canterbury Cathedral,United Kingdom,"Architecture,Romanesque,Gothic,Cathedral,Christianity"
Cultural,Heart of Neolithic Orkney,United Kingdom,"Archeological Site,Neolithic,Ruins"
Cultural,Eilean Donan Castle,United Kingdom,"Castle,Fortification"
Cultural,Holyrood Palace,United Kingdom,"Palace,Architecture,Renaissance"
Natural,Isle of Skye,United Kingdom,Island
Cultural,Scottish National Gallery,United Kingdom,"Art Gallery,Architecture,Neoclassical"
Cultural,Outer Hebrides Islands,United Kingdom,Islands
Natural,Shetland Islands,United Kingdom,"Islands,Wildlife"
Cultural,Old Course at St Andrews,United Kingdom,"Golf,Sport"
Natural,Falkland Islands,United Kingdom,"Island,Wildlife"
Cultural,Channel Islands,United Kingdom,"Island,Architecture,Colonial"
Natural,South Georgia and the South Sandwich Islands,United Kingdom,"Island,Wildlife"
Cultural,Buckingham Palace,United Kingdom,"Palace,Architecture,Neoclassical"
Natural,Land's End,United Kingdom,"Landscape,Hiking"
Natural,Lake District,United Kingdom,Lakes
Cultural,Imperial War Museum,United Kingdom,Museum
Cultural,National Gallery,United Kingdom,"Art Gallery,Architecture,Neoclassical"
Cultural,Salisbury Cathedral,United Kingdom,"Architecture,Gothic,Cathedral,Christianity"
Cultural,Stratford-upon-Avon,United Kingdom,Old Town
Cultural,Tate Modern,United Kingdom,Art Gallery
Cultural,Windsor Castle,United Kingdom,"Architecture,Gothic,Fortification,Castle"
Cultural,York Minster,United Kingdom,"Architecture,Gothic,Cathedral,Christianity"
Cultural,Cardiff Castle,United Kingdom,"Fortification,Castle,Medieval"
Natural,Snowdonia National Park,United Kingdom,"Park,Mountain,Hiking,Wildlife"
Natural,Grand Canyon,United States of America,"Park,Canyon,Landform"
Natural,Yellowstone National Park,United States of America,"Park,Hot Spring,Geyser"
Natural,Yosemite National Park,United States of America,"Park,Hiking,Mountains,Wildlife,Wilderness"
Natural,Carlsbad Caverns National Park,United States of America,"Park,Cave"
Cultural,Metropolitan Museum of Art,United States of America,"Museum,Art Gallery"
Cultural,New York Skyline,United States of America,"City,Panoramic Views,Skyline"
Cultural,San Francisco,United States of America,"City,Panoramic Views,Skyline,Port"
Cultural,Mesa Verde National Park,United States of America,"Park,Archaeological Site,Ruins"
Natural,Redwood National and State Parks,United States of America,"Park,Forest,Wildlife"
Cultural,Statue of Liberty,United States of America,"Statue,Architecture,Neoclassical"
Natural,Hawaii Volcanoes National Park,United States of America,"Park,Volcano"
Natural,Alaska Cruise,United States of America,Cruise
Natural,Bryce Canyon,United States of America,"Canyon,Landform"
Natural,Denali National Park,United States of America,"Park,Glaciers,Wilderness,Wildlife,Mountains"
Natural,Devils Tower,United States of America,"Landform,Mountains,Climbing"
Cultural,Kennedy Space Center,United States of America,Museum
Cultural,Las Vegas Strip at Night,United States of America,"Road Trip,Entertainment,Casinos"
Natural,Monument Valley,United States of America,"Valley,Landforms,Rock Formations"
Cultural,Mt Rushmore,United States of America,"Rock Art,Sculpture"
Cultural,Museum of Modern Art,United States of America,Museum
Natural,Na Pali Coast State Park,United States of America,"Park,Hiking,Landscape"
Natural,Sedona's Red Rocks,United States of America,"Landforms,Rock Formations"
Natural,Sequoia National Park,United States of America,"Park,Forest,Wildlife"
Cultural,Smithsonian,United States of America,Museum
Cultural,Times Square,United States of America,"Square,Crossroad,Entertainment"
Cultural,Headquarters of the United Nations,United States of America,"Building,Architecture,International"
Cultural,Walt Disney World,United States of America,"Entertainment,Amusement Park,Resort"
Natural,Mammoth Cave National Park,United States of America,"Park,Cave"
Cultural,Alcatraz Island,United States of America,"Fortification,Prison"
Cultural,American Museum of Natural History,United States of America,Museum
Natural,Bayou Bartholomew,United States of America,"Wildlife,Stream,Fishing"
Natural,Grand Teton,United States of America,"Mountain,Climbing"
Cultural,Solomon R. Guggenheim Museum,United States of America,"Museum,Modern Art"
Natural,Meteor Crater,United States of America,Crater
Cultural,Monterey Bay Aquarium,United States of America,"Aquarium,Marine Life"
Cultural,National Gallery of Art,United States of America,"Art Gallery,Architecture,Neoclassical"
Cultural,San Diego Zoo,United States of America,Zoo
Cultural,San Francisco Cable Car System,United States of America,Railroad
Mixed,17-Mile-Drive,United States of America,Road Trip
Natural,Waimea Canyon,United States of America,"Canyon,Landform"
Natural,Zion National Park,United States of America,"Park,Canyon,Landform,Wildlife,Wilderness"
Cultural,Bukhara Old Town,Uzbekistan,"Old Town,Architecture,Islam"
Cultural,Samarkand,Uzbekistan,"Old Town,Archaelogical Site,Architecture,Islam,Square"
Cultural,Old Town of Tashkent,Uzbekistan,Old Town
Natural,Mount Yasur,Vanuatu,Volcano
Cultural,Sistine Chapel,Vatican City,"Christianity,Chapel"
Cultural,St Peter's Basilica,Vatican City,"Architecture,Christianity,Basilica,Renaissance,Baroque"
Cultural,Vatican Museums,Vatican City,Museum
Cultural,St Peter's Square,Vatican City,Square
Natural,Angel Falls,Venezuela,Waterfalls
Natural,Canaima National Park (Gran Sabana),Venezuela,"Park,Landform,Rock Formation"
Cultural,Stilt Houses of Maracaibo,Venezuela,House
Cultural,Mérida cable car,Venezuela,Cableway
Natural,Ha Long Bay,Vietnam,"Landform,Bay,Cruise"
Cultural,"Imperial City, Hue",Vietnam,"Palace,Fortification"
Cultural,Hoi An Ancient Town,Vietnam,Old Town
Natural,Phong Nha-Ke Bang National Park,Vietnam,"Park,Landforms,Caves,Wildlife"
Natural,Hang Son Doong,Vietnam,Cave
Cultural,Cu Chi Tunnels,Vietnam,"Tunnels,Fortification"
Mixed,Rice Terraces of Sa Pa,Vietnam,"Landscape,Terraces"
Cultural,Pagoda of the Celestial Lady,Vietnam,"Architecture,Buddhism,Pagoda,Temple"
Cultural,Old City of Sana'a,Yemen,"Old Town,Archaeological Site"
Cultural,Shibam,Yemen,"Architecture,Arabic,Archaeological Site,Fortifications"
Cultural,Baraqish,Yemen,"Archaeological Site,Ancient,Ruins"
Cultural,Dar al-Hajar,Yemen,Palace
Natural,South Luangwa National Park,Zambia,"Park,Wildlife"
Natural,Victoria Falls,Zimbabwe,Waterfalls
Natural,Mana Pools National Park,Zimbabwe,"Park,Wildlife"
Cultural,Great Zimbabwe,Zimbabwe,"Archaeological Site,Ruins"
Natural,Hwange National Park,Zimbabwe,"Park,Wildlife"
